{"cameraMode":{"drawMode":0,"name":"Shaded","section":"Shading Mode"},"sceneLighting":true,"audioPlay":false,"sceneViewState":{"showFog":true,"showMaterialUpdate":false,"showSkybox":true,"showFlares":true,"showImageEffects":true,"showParticleSystems":true,"showVisualEffectGraphs":true,"m_FxEnabled":true},"in2DMode":false,"pivot":{"x":-89.14268493652344,"y":12.227886199951172,"z":6.438938140869141},"rotation":{"x":0.018938016146421434,"y":0.6123052835464478,"z":-0.015246720984578133,"w":0.7903872728347778},"size":10.528019905090332,"orthographic":false}